Sensitivity20260518,nr,section,model_name,input_file,subset,y,model_formula,family,yForPrior,Hessian,note
,1,Sensitivity,inlaRichFixContT,cDrichness,Terrestrial,Number,cYear:Continent + Continent,tweedie,Number,,
,2,Sensitivity,inlaAbundFixContT,cDabund,Terrestrial,Number,cYear:Continent + Continent,tweedie,Number,,
,3,Sensitivity,inlaENSPIEFixContT,cDenspie,Terrestrial,Number,cYear:Continent + Continent,tweedie,Number,,
,4,Sensitivity,inlaRichFixCont2T,cDrichness,Terrestrial,Number,cYear:Continent2 + Continent2,tweedie,Number,,
,5,Sensitivity,inlaAbundFixCont2T,cDabund,Terrestrial,Number,cYear:Continent2 + Continent2,tweedie,Number,,
,6,Sensitivity,inlaENSPIEFixCont2T,cDenspie,Terrestrial,Number,cYear:Continent2 + Continent2,tweedie,Number,,
,1,Sensitivity,inlaRichFixContT,cDrichness,Freshwater,Number,cYear:Continent + Continent,tweedie,Number,,
,2,Sensitivity,inlaAbundFixContT,cDabund,Freshwater,Number,cYear:Continent + Continent,tweedie,Number,,
,3,Sensitivity,inlaENSPIEFixContT,cDenspie,Freshwater,Number,cYear:Continent + Continent,tweedie,Number,,
,4,Sensitivity,inlaRichFixCont2T,cDrichness,Freshwater,Number,cYear:Continent2 + Continent2,tweedie,Number,,
,5,Sensitivity,inlaAbundFixCont2T,cDabund,Freshwater,Number,cYear:Continent2 + Continent2,tweedie,Number,,
,6,Sensitivity,inlaENSPIEFixCont2T,cDenspie,Freshwater,Number,cYear:Continent2 + Continent2,tweedie,Number,,
