Final2023,nr,section,model_name,input_file,subset,y,model_formula,family,yForPrior,Hessian,note
,1,Sensitivity,inlaRichness50plotsT,completeData2023max50plotsRichness,Terrestrial,log10(Number+1),cYear,gaussian,Number,,
,2,Sensitivity,inlaRichness20plotsT,completeData2023max20plotsRichness,Terrestrial,log10(Number+1),cYear,gaussian,Number,,
,3,Sensitivity,inlaRichness10plotsT,completeData2023max10plotsRichness,Terrestrial,log10(Number+1),cYear,gaussian,Number,,
,4,Sensitivity,inlaAbundance50plotsT,completeData2023max50plotsAbundance,Terrestrial,log10(Number+1),cYear,gaussian,Number,,
,5,Sensitivity,inlaAbundance20plotsT,completeData2023max20plotsAbundance,Terrestrial,log10(Number+1),cYear,gaussian,Number,,
,6,Sensitivity,inlaAbundance10plotsT,completeData2023max10plotsAbundance,Terrestrial,log10(Number+1),cYear,gaussian,Number,,
,7,Sensitivity,inlaENSPIE50plotsT,completeData2023max50plotsENSPIE,Terrestrial,log10(Number+1),cYear,gaussian,Number,,
,8,Sensitivity,inlaENSPIE20plotsT,completeData2023max20plotsENSPIE,Terrestrial,log10(Number+1),cYear,gaussian,Number,,
,9,Sensitivity,inlaENSPIE10plotsT,completeData2023max10plotsENSPIE,Terrestrial,log10(Number+1),cYear,gaussian,Number,,
,10,Sensitivity,inlaRichShortT,completeData2023shortRichness,Terrestrial,log10(Number+1),cYear,gaussian,Number,,
,11,Sensitivity,inlaAbundShortT,completeData2023shortAbundance,Terrestrial,log10(Number+1),cYear,gaussian,Number,,
,12,Sensitivity,inlaENSPIEShortT,completeData2023shortENSPIE,Terrestrial,log10(Number+1),cYear,gaussian,Number,,
,13,Sensitivity,inlaRichLongT,completeData2023longRichness,Terrestrial,log10(Number+1),cYear,gaussian,Number,,
,14,Sensitivity,inlaAbundLongT,completeData2023longAbundance,Terrestrial,log10(Number+1),cYear,gaussian,Number,,
,15,Sensitivity,inlaENSPIELongT,completeData2023longENSPIE,Terrestrial,log10(Number+1),cYear,gaussian,Number,,
